Date,Commodity,Ticker,ForecastPrice
2026-05-13,Corn Futures,ZC=F,487.6778
2026-05-14,Corn Futures,ZC=F,487.7779
2026-05-15,Corn Futures,ZC=F,487.878
2026-05-18,Corn Futures,ZC=F,487.9781
2026-05-19,Corn Futures,ZC=F,488.0782
2026-05-20,Corn Futures,ZC=F,488.1783
2026-05-21,Corn Futures,ZC=F,488.2784
2026-05-22,Corn Futures,ZC=F,488.3785
2026-05-25,Corn Futures,ZC=F,488.4786
2026-05-26,Corn Futures,ZC=F,488.5787
2026-05-27,Corn Futures,ZC=F,488.6788
2026-05-28,Corn Futures,ZC=F,488.7789
2026-05-29,Corn Futures,ZC=F,488.879
2026-06-01,Corn Futures,ZC=F,488.9791
2026-06-02,Corn Futures,ZC=F,489.0792
2026-06-03,Corn Futures,ZC=F,489.1793
2026-06-04,Corn Futures,ZC=F,489.2794
2026-06-05,Corn Futures,ZC=F,489.3795
2026-06-08,Corn Futures,ZC=F,489.4796
2026-06-09,Corn Futures,ZC=F,489.5796
2026-06-10,Corn Futures,ZC=F,489.6797
2026-06-11,Corn Futures,ZC=F,489.7798
2026-06-12,Corn Futures,ZC=F,489.8799
2026-06-15,Corn Futures,ZC=F,489.98
2026-06-16,Corn Futures,ZC=F,490.0801
2026-06-17,Corn Futures,ZC=F,490.1802
2026-06-18,Corn Futures,ZC=F,490.2803
2026-06-19,Corn Futures,ZC=F,490.3804
2026-06-22,Corn Futures,ZC=F,490.4805
2026-06-23,Corn Futures,ZC=F,490.5806
2026-05-13,Wheat Futures,ZW=F,615.7825
2026-05-14,Wheat Futures,ZW=F,615.9395
2026-05-15,Wheat Futures,ZW=F,616.0964
2026-05-18,Wheat Futures,ZW=F,616.2534
2026-05-19,Wheat Futures,ZW=F,616.4104
2026-05-20,Wheat Futures,ZW=F,616.5673
2026-05-21,Wheat Futures,ZW=F,616.7243
2026-05-22,Wheat Futures,ZW=F,616.8813
2026-05-25,Wheat Futures,ZW=F,617.0382
2026-05-26,Wheat Futures,ZW=F,617.1952
2026-05-27,Wheat Futures,ZW=F,617.3522
2026-05-28,Wheat Futures,ZW=F,617.5091
2026-05-29,Wheat Futures,ZW=F,617.6661
2026-06-01,Wheat Futures,ZW=F,617.8231
2026-06-02,Wheat Futures,ZW=F,617.98
2026-06-03,Wheat Futures,ZW=F,618.137
2026-06-04,Wheat Futures,ZW=F,618.294
2026-06-05,Wheat Futures,ZW=F,618.4509
2026-06-08,Wheat Futures,ZW=F,618.6079
2026-06-09,Wheat Futures,ZW=F,618.7648
2026-06-10,Wheat Futures,ZW=F,618.9218
2026-06-11,Wheat Futures,ZW=F,619.0788
2026-06-12,Wheat Futures,ZW=F,619.2357
2026-06-15,Wheat Futures,ZW=F,619.3927
2026-06-16,Wheat Futures,ZW=F,619.5497
2026-06-17,Wheat Futures,ZW=F,619.7066
2026-06-18,Wheat Futures,ZW=F,619.8636
2026-06-19,Wheat Futures,ZW=F,620.0206
2026-06-22,Wheat Futures,ZW=F,620.1775
2026-06-23,Wheat Futures,ZW=F,620.3345
2026-05-13,Soybean Futures,ZS=F,1215.2991
2026-05-14,Soybean Futures,ZS=F,1215.4908
2026-05-15,Soybean Futures,ZS=F,1215.6825
2026-05-18,Soybean Futures,ZS=F,1215.8742
2026-05-19,Soybean Futures,ZS=F,1216.0659
2026-05-20,Soybean Futures,ZS=F,1216.2576
2026-05-21,Soybean Futures,ZS=F,1216.4493
2026-05-22,Soybean Futures,ZS=F,1216.6409
2026-05-25,Soybean Futures,ZS=F,1216.8326
2026-05-26,Soybean Futures,ZS=F,1217.0243
2026-05-27,Soybean Futures,ZS=F,1217.216
2026-05-28,Soybean Futures,ZS=F,1217.4077
2026-05-29,Soybean Futures,ZS=F,1217.5994
2026-06-01,Soybean Futures,ZS=F,1217.7911
2026-06-02,Soybean Futures,ZS=F,1217.9828
2026-06-03,Soybean Futures,ZS=F,1218.1745
2026-06-04,Soybean Futures,ZS=F,1218.3662
2026-06-05,Soybean Futures,ZS=F,1218.5579
2026-06-08,Soybean Futures,ZS=F,1218.7496
2026-06-09,Soybean Futures,ZS=F,1218.9413
2026-06-10,Soybean Futures,ZS=F,1219.1329
2026-06-11,Soybean Futures,ZS=F,1219.3246
2026-06-12,Soybean Futures,ZS=F,1219.5163
2026-06-15,Soybean Futures,ZS=F,1219.708
2026-06-16,Soybean Futures,ZS=F,1219.8997
2026-06-17,Soybean Futures,ZS=F,1220.0914
2026-06-18,Soybean Futures,ZS=F,1220.2831
2026-06-19,Soybean Futures,ZS=F,1220.4748
2026-06-22,Soybean Futures,ZS=F,1220.6665
2026-06-23,Soybean Futures,ZS=F,1220.8582
